,FMID,x,y
0,,,
1,1018261.0,-72.140337,44.411035999999996
2,,,
3,1009994.0,-103.662538,41.864268
4,,,
5,1000709.0,-73.99435799999999,40.404837
6,,,
7,1019956.0,-116.05894599999999,34.13576
8,,,
9,1009959.0,-84.18103,39.762593
10,,,
11,1004950.0,-88.425186,41.356383
12,,,
13,1019938.0,-85.29614699999999,44.292952
14,,,
15,1018965.0,-87.59059140000001,41.784079
16,,,
17,1009004.0,-84.27987399999999,30.461953
18,,,
19,1019473.0,-123.81641299999998,46.972972999999996
20,,,
21,1010487.0,-81.97716,36.708863
22,,,
23,1019695.0,-90.038907,30.479064
24,,,
25,1021442.0,-83.546357,38.795296
26,,,
27,1019676.0,-77.234147,39.830597
28,,,
29,1019351.0,-77.234147,39.830597
30,,,
31,1019847.0,-76.937407,40.273996999999994
32,,,
33,1008961.0,-155.9236509,19.525783999999998
34,,,
35,1019203.0,-74.20747800000001,39.992509000000005
36,,,
37,1012233.0,-89.801733,35.127452000000005
38,,,
39,1005258.0,-157.84493,21.287867000000002
40,,,
41,1008054.0,-82.441514,28.481294000000002
42,,,
43,1008612.0,-82.352515,29.7106652
44,,,
45,1018304.0,-98.481174,29.493258
46,,,
47,1004070.0,-105.86500600000001,37.467321000000005
48,,,
49,1019371.0,-85.235831,40.299191
50,,,
51,1000519.0,-75.91611800000001,44.331171000000005
52,,,
53,1019113.0,-95.375902,45.890762
54,,,
55,1019831.0,-95.400669,37.927427
56,,,
57,1019832.0,-95.400669,37.927427
58,,,
59,1012389.0,-122.858722,45.480164
60,,,
61,1020150.0,-120.542201,41.483907
62,,,
63,1021309.0,-75.225298,40.153501
64,,,
65,1011171.0,-93.61494300000001,42.025222
66,,,
67,1003563.0,-84.09904300000001,34.437795
68,,,
69,1019438.0,-86.71749100000001,36.257791999999995
70,,,
71,1012157.0,-113.13910800000001,46.099059000000004
72,,,
73,1005944.0,-122.609181,48.516974
74,,,
75,1019647.0,-82.652197,34.506898
76,,,
77,1020084.0,-84.917629,38.076446999999995
78,,,
79,1003516.0,-87.668602,41.981745000000004
80,,,
81,1020060.0,-71.14313800000001,42.653616
82,,,
83,1019484.0,-77.196229,38.832801
84,,,
85,1019096.0,-94.12383220000001,45.2636097
86,,,
87,1018934.0,-89.14985,45.138703
88,,,
89,1019350.0,-88.09456999999999,42.478128000000005
90,,,
91,1000431.0,-88.40703,44.26201
92,,,
93,1021359.0,-71.30583100000001,41.483658
94,,,
95,1021360.0,-71.304641,41.509139000000005
96,,,
97,1019813.0,-71.26137800000001,41.546506
98,,,
99,1019662.0,-73.146078,43.072884
100,,,
101,1019904.0,-71.4316,41.814766999999996
102,,,
103,1019222.0,-90.353093,38.453275
104,,,
105,1019495.0,-81.30434100000001,29.027562
106,,,
107,1020068.0,-82.073422,33.365531
108,,,
109,1009810.0,-71.461538,42.260027
110,,,
111,1001245.0,-90.667327,35.840771000000004
112,,,
113,1002984.0,-95.119878,39.560736999999996
114,,,
115,1005086.0,-82.05662199999999,39.336038
116,,,
117,1018033.0,-83.380247,33.959088
118,,,
119,1018032.0,-83.4121317,33.9644564
120,,,
121,1021450.0,-116.707904,47.944594
122,,,
123,1018330.0,-71.299235,41.937562
124,,,
125,1021225.0,-118.26015100000001,34.117828
126,,,
127,1019789.0,-122.21845900000001,47.298266999999996
128,,,
129,1021329.0,-76.699995,42.744684
130,,,
131,1000559.0,-93.72018670000001,36.948908
132,,,
133,1019396.0,-86.38263,39.765279
134,,,
135,1019126.0,-72.860448,41.78971
136,,,
137,1019044.0,-86.817696,39.762232899999994
138,,,
139,1019076.0,-92.370763,44.966999
140,,,
141,1021338.0,-122.3845,47.667512
142,,,
143,1012081.0,-68.771649,44.8039587
144,,,
145,1001604.0,-74.221654,39.753903
146,,,
147,1020029.0,-83.72112299999999,33.993074
148,,,
149,1003335.0,-107.03473600000001,39.368957
150,,,
151,1019871.0,-99.536625,42.582541
152,,,
153,1000436.0,-97.311627,30.111777000000004
154,,,
155,1021265.0,-85.221859,39.298852000000004
156,,,
157,1021443.0,-85.18515,42.32009
158,,,
159,1019617.0,-95.15068199999999,29.548702000000002
160,,,
161,1019874.0,-96.74730100000001,40.273594
162,,,
163,1020102.0,-83.70563299999999,37.591128999999995
164,,,
165,1018735.0,-94.169203,30.067686
166,,,
167,1019875.0,-99.82761500000001,40.138332
168,,,
169,1020097.0,-86.877647,37.407199
170,,,
171,1018759.0,-93.6731823,41.620058
172,,,
173,1019853.0,-71.525849,42.938268
174,,,
175,1019400.0,-74.646889,40.662856
176,,,
177,1010607.0,-76.351011,39.535284000000004
178,,,
179,1011902.0,-97.630924,39.822988
180,,,
181,1021363.0,-83.482812,42.201917
182,,,
183,1008140.0,-122.46965700000001,48.75262
184,,,
185,1002064.0,-78.053508,42.234077
186,,,
187,1011363.0,-94.52525200000001,38.808556
188,,,
189,1001316.0,-94.88060899999999,47.469337
190,,,
191,1001533.0,-122.161188,38.046215000000004
192,,,
193,1018644.0,-96.503262,40.680611999999996
194,,,
195,1021403.0,-94.208458,36.372637
196,,,
197,1005183.0,-78.22753399999999,39.624722
198,,,
199,1019005.0,-83.83941800000001,41.715538
200,,,
201,1019707.0,-70.86243,43.269956
202,,,
203,1021239.0,-70.86243,43.269956
204,,,
205,1019168.0,-86.95137,33.40113
206,,,
207,1019169.0,-86.99064399999999,33.373082000000004
208,,,
209,1019967.0,-90.05346800000001,38.902967
210,,,
211,1021322.0,-75.056515,38.538396999999996
212,,,
213,1010406.0,-77.09989,38.986761
214,,,
215,1012494.0,-75.37840290000001,40.6098058
216,,,
217,1020196.0,-118.398746,34.073685
218,,,
219,1019765.0,-82.935745,39.957135
220,,,
221,1005949.0,-116.86671399999999,34.260803
222,,,
223,1019338.0,-93.758167,45.333773
224,,,
225,1019339.0,-93.747475,45.329205
226,,,
227,1019591.0,-71.269999,42.557646000000005
228,,,
229,1011037.0,-100.796471,46.803081
230,,,
231,1012163.0,-74.955689,40.982893
232,,,
233,1011829.0,-79.944435,40.459005
234,,,
235,1018396.0,-86.53694250000001,39.170308399999996
236,,,
237,1018563.0,-86.539649,39.149906
238,,,
239,1019932.0,-84.389892,39.251798
240,,,
241,1020098.0,-84.418747,38.014875
242,,,
243,1019372.0,-83.892721,40.893082
244,,,
245,1019440.0,-85.172111,40.743479
246,,,
247,1018092.0,-76.601326,39.273864
248,,,
249,1018313.0,-116.444084,43.532957
250,,,
251,1018316.0,-116.19193,43.60798
252,,,
253,1020101.0,-84.721563,39.022231
254,,,
255,1006833.0,-93.879688,42.062726
256,,,
257,1019318.0,-92.741591,38.955643
258,,,
259,1019693.0,-79.912646,37.417795
260,,,
261,1018394.0,-100.4459433,48.8262788
262,,,
263,1001526.0,-112.11759199999999,46.239153
264,,,
265,1019165.0,-76.741902,38.978320000000004
266,,,
267,1020096.0,-82.630489,38.470783000000004
268,,,
269,1020099.0,-82.71255500000001,38.400138
270,,,
271,1019205.0,-85.015378,45.21685
272,,,
273,1021248.0,-95.477537,29.676944
274,,,
275,1018227.0,-71.004927,42.206437
276,,,
277,1002407.0,-72.58407,42.8499
278,,,
279,1011075.0,-72.56016600000001,42.850844
280,,,
281,1020113.0,-83.348327,37.535327
282,,,
283,1018556.0,-122.62886599999999,47.574253000000006
284,,,
285,1019146.0,-74.60797600000001,40.588552
286,,,
287,1018756.0,-112.01505700000001,41.510773
288,,,
289,1005483.0,-72.199901,42.122751
290,,,
291,1019905.0,-71.41892,41.801869
292,,,
293,1019257.0,-78.799904,38.611375
294,,,
295,1019984.0,-71.018866,42.082799
296,,,
297,1019794.0,-82.976997,39.97139
298,,,
299,1019527.0,-124.24496299999998,42.037301
300,,,
301,1021210.0,-71.12378199999999,42.34219
302,,,
303,1018891.0,-82.449304,28.654639000000003
304,,,
305,1021262.0,-75.904648,42.129759
306,,,
307,1019906.0,-71.40003100000001,41.826418
308,,,
309,1019727.0,-86.396445,39.844272
310,,,
311,1017968.0,-91.2746971,45.455110100000006
312,,,
313,1008607.0,-69.995923,43.890786
314,,,
315,1021311.0,-75.31706700000001,40.021167999999996
316,,,
317,1019218.0,-76.29180699999999,37.041273
318,,,
319,1008953.0,-68.796497,44.572635999999996
320,,,
321,1000843.0,-118.30797709999999,34.1828004
322,,,
323,1019492.0,-77.263568,38.776990999999995
324,,,
325,1019965.0,-73.21541500000001,44.46973
326,,,
327,1019799.0,-71.67712399999999,41.967496000000004
328,,,
329,1002567.0,-86.61770899999999,31.830281
330,,,
331,1001362.0,-112.5364,46.01269
332,,,
333,1021238.0,-95.26831,29.988144000000002
334,,,
335,1020089.0,-87.835998,36.862889
336,,,
337,1004927.0,-81.678425,28.355644
338,,,
339,1019922.0,-120.667822,38.191243
340,,,
341,1019978.0,-120.463811,38.13686
342,,,
343,1018263.0,-72.01683100000001,44.417224
344,,,
345,1019980.0,-87.82288299999999,42.769605
346,,,
347,1020188.0,-122.13255,37.46778
348,,,
349,1018459.0,-76.499596,38.294523999999996
350,,,
351,1019997.0,-119.041574,34.216518
352,,,
353,1020160.0,-121.09662900000001,35.564323
354,,,
355,1020183.0,-121.81930600000001,37.296867
356,,,
357,1002674.0,-89.780754,30.275994
358,,,
359,1020117.0,-84.392139,38.97801
360,,,
361,1020118.0,-84.45186600000001,39.028828999999995
362,,,
363,1020119.0,-84.491761,39.090164
364,,,
365,1020184.0,-121.954352,37.280232
366,,,
367,1009034.0,-71.797436,42.256235
368,,,
369,1019810.0,-82.401032,40.056585999999996
370,,,
371,1021202.0,-78.388368,43.220102000000004
372,,,
373,1012038.0,-118.60161200000002,34.203746
374,,,
375,1019772.0,-83.533591,42.308840999999994
376,,,
377,1021435.0,-81.374888,40.80065
378,,,
379,1021294.0,-81.954459,26.564457
380,,,
381,1005285.0,-89.519874,37.302699
382,,,
383,1011930.0,-75.5262294,39.1576541
384,,,
385,1018359.0,-77.03025600000001,38.894748
386,,,
387,1008450.0,-121.92703940000001,36.9872756
388,,,
389,1006651.0,-121.912419,47.648587
390,,,
391,1019417.0,-82.4614,34.641892
392,,,
393,1021269.0,-79.077607,35.910781
394,,,
395,1008322.0,-93.496941,39.358096999999994
396,,,
397,1021213.0,-119.76816399999998,39.162841
398,,,
399,1020071.0,-82.904359,38.331557000000004
400,,,
401,1020074.0,-83.180887,38.29761
402,,,
403,1012093.0,-70.769182,41.888852
404,,,
405,1008276.0,-81.26950699999999,35.712066
406,,,
407,1019159.0,-80.1068482,37.3835006
408,,,
409,1021242.0,-85.33655999999999,34.1069
410,,,
411,1012484.0,-122.8141034,45.5263877
412,,,
413,1019842.0,-77.083526,34.68261
414,,,
415,1021362.0,-84.58282700000001,40.549633
416,,,
417,1018734.0,-96.7869845,33.3247511
418,,,
419,1021226.0,-118.256796,34.005326000000004
420,,,
421,1019907.0,-71.39565,41.885605
422,,,
423,1019618.0,-122.680109,47.650238
424,,,
425,1020142.0,-116.52525800000001,33.817078
426,,,
427,1020141.0,-116.521181,33.820251
428,,,
429,1020058.0,-119.776881,36.874654
430,,,
431,1020057.0,-119.789099,36.849327
432,,,
433,1020056.0,-119.78909499999999,36.849308
434,,,
435,1019225.0,-114.227231,44.505154
436,,,
437,1021267.0,-73.323048,44.661840999999995
438,,,
439,1018886.0,-77.85845400000001,39.289072999999995
440,,,
441,1017995.0,-94.0363153,35.2970353
442,,,
443,1019788.0,-71.630764,41.384847
444,,,
445,1011689.0,,
446,,,
447,1005834.0,-69.962249,41.676615000000005
448,,,
449,1019881.0,-96.222387,41.775832
450,,,
451,1004754.0,-72.44747,43.98878
452,,,
453,1008606.0,-77.504419,37.376728
454,,,
455,1021310.0,-75.196931,40.06776
456,,,
457,1020128.0,-121.838323,39.730823
458,,,
459,1020129.0,-121.84845200000001,39.758425
460,,,
461,1020127.0,-121.595446,39.77368
462,,,
463,1001763.0,-81.676633,36.80295
464,,,
465,1019104.0,-80.5778246,35.570981
466,,,
467,1008409.0,-91.389337,44.934888
468,,,
469,1021237.0,-84.750061,33.749649
470,,,
471,1004360.0,-78.00807900000001,37.077436999999996
472,,,
473,1019141.0,-79.77358199999999,34.198789
474,,,
475,1005250.0,-157.852699,21.305408
476,,,
477,1021199.0,-117.101527,32.747817
478,,,
479,1019717.0,-85.475592,32.584813
480,,,
481,1004255.0,-105.078652,40.387479
482,,,
483,1017956.0,-73.112792,42.700694
484,,,
485,1017930.0,-79.988803,40.400201
486,,,
487,1000303.0,-93.47341899999999,44.997274
488,,,
489,1021433.0,-81.684217,41.369164000000005
490,,,
491,1021420.0,-82.93226800000001,42.695807099999996
492,,,
493,1006460.0,-93.009953,45.084125
494,,,
495,1005940.0,-72.958562,41.325348
496,,,
497,1005941.0,-72.888848,41.308956
498,,,
499,1019206.0,-72.9188338,41.3011808
500,,,
501,1005943.0,-72.91784799999999,41.303232
502,,,
503,1002106.0,-117.71641799999999,34.095597999999995
504,,,
505,1019061.0,-72.33930500000001,43.375823
506,,,
507,1000579.0,-78.58945,42.98032
508,,,
509,1019840.0,-117.039927,46.410563
510,,,
511,1021441.0,-97.126471,39.376936
512,,,
513,1019110.0,-97.407713,32.339893
514,,,
515,1019741.0,-80.386699,36.033223
516,,,
517,1019704.0,-77.058379,38.934816999999995
518,,,
519,1018381.0,-73.809271,42.869606
520,,,
521,1019823.0,-75.378462,43.048866
522,,,
523,1019763.0,-83.016501,40.034269
524,,,
525,1000549.0,-85.619065,31.707814399999997
526,,,
527,1002808.0,-76.764414,39.316055
528,,,
529,1019474.0,-75.66249599999999,41.422523
530,,,
531,1018969.0,-71.485463,41.572691
532,,,
533,1019821.0,-71.423632,41.512
534,,,
535,1020135.0,-122.43737800000001,37.466770000000004
536,,,
537,1020137.0,-122.495081,37.609415000000006
538,,,
539,1021232.0,-118.377845,46.041708
540,,,
541,1001290.0,-72.923264,41.810819
542,,,
543,1000210.0,-104.814688,38.937715999999995
544,,,
545,1009656.0,-104.82230899999999,38.830543
546,,,
547,1018196.0,-87.03048079999999,35.6187845
548,,,
549,1019790.0,-92.36462399999999,38.958293
550,,,
551,1010758.0,-120.41001100000001,38.029395
552,,,
553,1019483.0,-97.36036,41.430012
554,,,
555,1019199.0,-94.831459,37.171861
556,,,
557,1020124.0,-122.01403799999999,39.214999
558,,,
559,1011003.0,-96.9110998,33.5491175
560,,,
561,1019592.0,-89.939947,34.513560999999996
562,,,
563,1019042.0,-72.672892,41.766118
564,,,
565,1012030.0,-79.044831,33.833331
566,,,
567,1021396.0,-92.41257,35.077695
568,,,
569,1006766.0,-124.215299,43.367982
570,,,
571,1018190.0,-91.58415500000001,41.678726
572,,,
573,1012666.0,-97.392206,27.791601
574,,,
575,1008959.0,-108.58763400000001,37.348444
576,,,
577,1018629.0,-122.707298,38.326544
578,,,
579,1010975.0,-85.674054,31.64705
580,,,
581,1004382.0,-95.235146,38.950747
582,,,
583,1018221.0,-85.07274,33.571346999999996
584,,,
585,1000368.0,-91.82851600000001,45.443768
586,,,
587,1019530.0,-81.55327199999999,41.098698
588,,,
589,1019529.0,-81.583614,41.189312
590,,,
591,1019531.0,-81.51587099999999,41.08885
592,,,
593,1019258.0,-81.589922,41.192676
594,,,
595,1019325.0,-72.345186,41.764283
596,,,
597,1019296.0,-84.50885500000001,39.088659
598,,,
599,1012552.0,-97.442048,32.716446999999995
600,,,
601,1009993.0,-99.99011540000001,40.860622799999994
602,,,
603,1019130.0,-109.58853,44.5205554
604,,,
605,1021410.0,-71.452664,41.784704
606,,,
607,1021330.0,-86.90373199999999,40.040652
608,,,
609,1021331.0,-86.896007,40.046040000000005
610,,,
611,1021227.0,-118.335422,34.008706
612,,,
613,1019260.0,-90.133127,29.932171000000004
614,,,
615,1019261.0,-90.058904,29.960278999999996
616,,,
617,1019262.0,-90.133127,29.932159000000002
618,,,
619,1002470.0,-83.11354990000001,41.345408
620,,,
621,1021391.0,-90.78648299999999,35.223532
622,,,
623,1012365.0,-76.990169,38.990479
624,,,
625,1001869.0,-88.31701,42.243752
626,,,
627,1021346.0,-118.39464,34.024936
628,,,
629,1019701.0,-86.419302,41.218494
630,,,
631,1019702.0,-86.422907,41.216815000000004
632,,,
633,1020109.0,-85.364614,36.790074
634,,,
635,1021387.0,-85.961539,39.775859999999994
636,,,
637,1019539.0,-81.48356,41.130404
638,,,
639,1021408.0,-92.41424,33.812858
640,,,
641,1004516.0,-73.450227,41.397912
642,,,
643,1019163.0,-93.153099,35.220839
644,,,
645,1012505.0,-90.11744499999999,42.677665999999995
646,,,
647,1018157.0,-90.571154,41.562863
648,,,
649,1019880.0,-97.12995500000001,41.264759000000005
650,,,
651,1012254.0,-96.0574386,44.9259444
652,,,
653,1019100.0,-112.00256100000001,40.547045000000004
654,,,
655,1019648.0,-90.552184,38.143961
656,,,
657,1018945.0,-83.211488,42.313057
658,,,
659,1019970.0,-84.296808,33.778773
660,,,
661,1012296.0,-89.339846,43.246672
662,,,
663,1011103.0,-88.752032,41.931127000000004
664,,,
665,1002536.0,-121.92703940000001,36.9872756
666,,,
667,1020061.0,-97.360349,37.683757
668,,,
669,1018416.0,-91.982453,29.941659
670,,,
671,1019308.0,-73.82589499999999,42.619919
672,,,
673,1020191.0,-80.071595,26.462365000000002
674,,,
675,1007255.0,-122.329307,47.401657
676,,,
677,1003628.0,-83.889459,42.339503
678,,,
679,1021318.0,-75.151276,39.927056
680,,,
681,1021261.0,-85.059414,39.018037
682,,,
683,1018958.0,-77.037849,40.110975
684,,,
685,1019458.0,-84.647388,42.646201
686,,,
687,1018816.0,-83.176305,32.200790000000005
688,,,
689,1019742.0,-90.129944,42.962345
690,,,
691,1019439.0,-108.90358700000002,37.764835999999995
692,,,
693,1019964.0,-116.07672,44.730034
694,,,
695,1018706.0,-71.060126,42.304202000000004
696,,,
697,1020111.0,-77.40588699999999,37.5380571
698,,,
699,1003046.0,-88.4725142,43.013121000000005
700,,,
701,1009829.0,-70.87597099999999,43.200765000000004
702,,,
703,1009894.0,-74.000805,40.746359000000005
704,,,
705,1021296.0,-73.773482,40.7308
706,,,
707,1010954.0,-73.760008,40.933512
708,,,
709,1016793.0,-73.73040400000001,40.944796999999994
710,,,
711,1010969.0,-73.943291,40.724358
712,,,
713,1010972.0,-73.959645,40.801254
714,,,
715,1010958.0,-73.79101700000001,40.93357
716,,,
717,1016792.0,-73.86341,41.160793
718,,,
719,1009895.0,-73.983867,40.672303
720,,,
721,1010982.0,-73.826548,40.751776
722,,,
723,1010960.0,-73.68604300000001,40.983895000000004
724,,,
725,1016867.0,-75.705606,40.007243
726,,,
727,1019667.0,-82.495552,29.790871999999997
728,,,
729,1009043.0,-83.208989,42.254801
730,,,
731,1003643.0,-89.035555,42.499697999999995
732,,,
733,1020064.0,-122.2716,37.869819
734,,,
735,1020000.0,-88.994107,40.480014000000004
736,,,
737,1020001.0,-88.996165,40.478127
738,,,
739,1019370.0,-95.863185,32.557359999999996
740,,,
741,1019944.0,-121.840469,39.728991
742,,,
743,1021401.0,-92.440867,35.088507
744,,,
745,1000841.0,-96.54535,33.755828
746,,,
747,1019401.0,-88.282543,42.036328000000005
748,,,
749,1008853.0,-87.586443,37.993544
750,,,
751,1002400.0,-88.30222909999999,36.609795899999995
752,,,
753,1019032.0,-80.770914,34.721099
754,,,
755,1019856.0,-88.302435,36.609868
756,,,
757,1019216.0,-80.321851,27.449057
758,,,
759,1012243.0,-88.446973,43.775364
760,,,
761,1012256.0,-88.447092,43.777853
762,,,
763,1019654.0,-88.017128,44.513118
764,,,
765,1019341.0,-84.857359,39.095734
766,,,
767,1019083.0,-84.1058237,40.739547200000004
768,,,
769,1009757.0,-90.114634,32.460885
770,,,
771,1019720.0,-85.38297299999999,38.738245
772,,,
773,1018930.0,-87.395409,46.543488
774,,,
775,1003977.0,-91.234721,35.6268
776,,,
777,1018621.0,-122.578749,38.107535999999996
778,,,
779,1019721.0,-122.159029,37.44533
780,,,
781,1021411.0,-94.116,36.332762
782,,,
783,1005281.0,-122.02703740000001,36.9724758
784,,,
785,1019525.0,-120.50278700000001,46.602267
786,,,
787,1019729.0,-88.693465,36.277008
788,,,
789,1004676.0,-76.645847,39.317944
790,,,
791,1005358.0,-121.87863899999999,37.710402
792,,,
793,1005197.0,-90.667851,42.504521000000004
794,,,
795,1019994.0,-92.093948,46.788804999999996
796,,,
797,1018953.0,-107.88275800000001,37.273063
798,,,
799,1000312.0,-78.90185600000001,36.000559
800,,,
801,1009830.0,-70.910656,43.13661
802,,,
803,1012345.0,-121.986419,47.744679
804,,,
805,1019082.0,-118.776299,39.473055
806,,,
807,1019870.0,-96.43272900000001,40.816121
808,,,
809,1021275.0,-95.19455699999999,29.975941
810,,,
811,1018159.0,-84.344531,33.738679
812,,,
813,1021303.0,-71.039467,42.374945000000004
814,,,
815,1021414.0,-71.076514,42.3313532
816,,,
817,1011673.0,-95.342978,29.757510999999997
818,,,
819,1019079.0,-73.695566,42.618063
820,,,
821,1020133.0,-118.308877,34.10151
822,,,
823,1011113.0,-86.764338,36.172268
824,,,
825,1019510.0,-74.209979,40.76125
826,,,
827,1020172.0,-122.13255,37.469415000000005
828,,,
829,1012717.0,-84.442141,33.679488
830,,,
831,1019094.0,-76.794875,42.088757
832,,,
833,1021300.0,-122.49377700000001,45.615372
834,,,
835,1019125.0,-78.595325,42.97573
836,,,
837,1019462.0,-72.669638,42.265189
838,,,
839,1009867.0,-75.206274,40.689778000000004
840,,,
841,1019624.0,-83.900903,35.976258
842,,,
843,1021371.0,-71.504764,41.901795
844,,,
845,1021228.0,-118.258276,34.076409000000005
846,,,
847,1012783.0,-76.607401,36.062086
848,,,
849,1012160.0,-122.37678700000001,47.811264
850,,,
851,1019118.0,-87.280716,45.049942
852,,,
853,1019936.0,-118.03995,34.075484
854,,,
855,1012634.0,-93.100656,42.36051
856,,,
857,1019921.0,-97.370756,30.346425
858,,,
859,1018900.0,-72.4681079,41.903639299999995
860,,,
861,1018898.0,-72.49035,41.8697886
862,,,
863,1020112.0,-83.12263399999999,38.093439000000004
864,,,
865,1018717.0,-71.229493,42.349361
866,,,
867,1021207.0,-78.877625,42.923862
868,,,
869,1002657.0,-75.4903,40.5366
870,,,
871,1002769.0,-86.063056,44.811223999999996
872,,,
873,1019398.0,-94.502691,37.087883000000005
874,,,
875,1012045.0,-118.5128542,34.1862306
876,,,
877,1018940.0,-85.578248,46.119734
878,,,
879,1019684.0,-82.684674,35.54099
880,,,
881,1018765.0,-96.629391,32.32763
882,,,
883,1019687.0,-121.987466,47.202843
884,,,
885,1006678.0,-106.06580500000001,36.003598
886,,,
887,1003568.0,-122.33185800000001,45.297544
888,,,
889,1020053.0,-122.895854,41.458263
890,,,
891,1019954.0,-93.746149,36.398616
892,,,
893,1010195.0,-85.259592,43.899648
894,,,
895,1005267.0,-158.007174,21.314954
896,,,
897,1007798.0,-70.950053,42.983633000000005
898,,,
899,1019081.0,-73.266531,43.59449
900,,,
901,1018622.0,-122.58998000000001,37.985729
902,,,
903,1019186.0,-77.308647,38.846056
904,,,
905,1019049.0,-94.85447099999999,36.747475
906,,,
907,1018562.0,-117.41778000000001,47.768387
908,,,
909,1019457.0,-96.728376,40.877604999999996
910,,,
911,1010889.0,-96.723203,43.560777
912,,,
913,1019841.0,-86.274997,39.894467
914,,,
915,1019499.0,-73.798353,42.665745
916,,,
917,1019523.0,-106.789695,32.326444
918,,,
919,1018937.0,-96.8952798,32.917849600000004
920,,,
921,1019436.0,-151.13536100000002,60.472775
922,,,
923,1018131.0,-88.159755,41.767594
924,,,
925,1020104.0,-85.217676,37.683658
926,,,
927,1021388.0,-85.75624,39.791832
928,,,
929,1019705.0,-111.893119,33.697831
930,,,
931,1005069.0,-80.86256800000001,32.234811
932,,,
933,1021404.0,-94.446383,36.419093
934,,,
935,1005159.0,-93.255076,37.136365000000005
936,,,
937,1019993.0,-85.482096,37.244082
938,,,
939,1020079.0,-85.307537,37.103437
940,,,
941,1020080.0,-85.307537,37.103437
942,,,
943,1019862.0,-77.189254,40.201689
944,,,
945,1018427.0,-80.669759,40.377613000000004
946,,,
947,1016870.0,-155.44974,20.070926999999998
948,,,
949,1019796.0,-83.427938,39.53886
950,,,
951,1019801.0,-83.427938,39.53886
952,,,
953,1019800.0,-85.139738,39.641132
954,,,
955,1012627.0,-79.09014300000001,35.800209
956,,,
957,1002721.0,-122.073815,37.048109000000004
958,,,
959,1018973.0,-90.3027133,38.737579499999995
960,,,
961,1020193.0,-122.39352,37.795162
962,,,
963,1012308.0,-74.4669868,42.6792512
964,,,
965,1019771.0,-84.54095,39.231609999999996
966,,,
967,1018193.0,-83.1700053,40.9509375
968,,,
969,1020008.0,-92.03139399999999,30.211572999999998
970,,,
971,1019677.0,-97.15659699999999,37.723203000000005
972,,,
973,1004377.0,-87.24535,45.113436
974,,,
975,1019914.0,-71.48823900000001,41.380339
976,,,
977,1019897.0,-83.759523,38.421407
978,,,
979,1020091.0,-82.775995,37.670674
980,,,
981,1020065.0,-85.896109,38.315002
982,,,
983,1021453.0,-87.939701,43.061842999999996
984,,,
985,1019123.0,-106.32699009999999,42.8482536
986,,,
987,1000958.0,-79.285443,37.36437
988,,,
989,1003332.0,-123.11206299999999,45.520623
990,,,
991,1002803.0,-78.44106,38.1087
992,,,
993,1018989.0,-85.989646,39.865956
994,,,
995,1018505.0,-104.244013,34.470848
996,,,
997,1019101.0,-88.17851,42.398071
998,,,
999,1002880.0,-83.738212,43.344313
1000,,,
1001,1019298.0,-84.88020999999999,38.201613
1002,,,
1003,1019147.0,-86.05768,39.479799
1004,,,
1005,1021383.0,-82.951398,39.966119
1006,,,
1007,1020092.0,-86.577261,36.724368
1008,,,
1009,1020007.0,-87.59474200000001,37.980191
1010,,,
1011,1012429.0,-84.35682,33.767590000000006
1012,,,
1013,1018415.0,-94.5268459,37.05268770000001
1014,,,
1015,1021353.0,-90.582083,41.519748
1016,,,
1017,1019600.0,-98.072988,29.717952
1018,,,
1019,1019404.0,-121.812514,38.016546000000005
1020,,,
1021,1012466.0,-75.74845400000001,39.973192499999996
1022,,,
1023,1018671.0,-77.044967,38.911806
1024,,,
1025,1011730.0,-95.19130200000001,29.520767
1026,,,
1027,1019762.0,-85.136155,41.078388000000004
1028,,,
1029,1019285.0,-85.140411,41.074494
1030,,,
1031,1019998.0,-95.888475,29.690226000000003
1032,,,
1033,1018121.0,-86.21583309999998,41.0647645
1034,,,
1035,1019949.0,-74.003474,40.706222
1036,,,
1037,1006661.0,-85.640479,42.963913
1038,,,
1039,1021444.0,-94.63551700000001,37.075194
1040,,,
1041,1019630.0,-86.448948,36.388902
1042,,,
1043,1011814.0,-117.4578357,33.909747499999995
1044,,,
1045,1018970.0,-100.8532074,37.977253600000004
1046,,,
1047,1018831.0,-94.925777,38.812999
1048,,,
1049,1019728.0,-86.14183,39.731109000000004
1050,,,
1051,1020095.0,-84.583209,37.614373
1052,,,
1053,1019587.0,-85.598506,40.489812
1054,,,
1055,1021395.0,-94.029671,33.430403999999996
1056,,,
1057,1021416.0,-91.844351,45.402192
1058,,,
1059,1012033.0,-79.28178259999999,33.3662089
1060,,,
1061,1019602.0,-95.422239,29.857439000000003
1062,,,
1063,1019603.0,-95.386342,29.780471999999996
1064,,,
1065,1019604.0,-95.43355,29.614043
1066,,,
1067,1019605.0,-95.30090200000001,29.734482
1068,,,
1069,1019606.0,-95.304197,29.851549
1070,,,
1071,1019607.0,-95.496227,29.711246000000003
1072,,,
1073,1019608.0,-95.356477,29.656412
1074,,,
1075,1021284.0,-71.332318,43.425346999999995
1076,,,
1077,1008573.0,-94.5730016,39.2214548
1078,,,
1079,1002767.0,-85.98690500000001,44.897978
1080,,,
1081,1005588.0,-85.934714,33.957828000000006
1082,,,
1083,1019710.0,-73.653504,43.317546
1084,,,
1085,1019414.0,-87.681844,41.837551
1086,,,
1087,1021364.0,-71.444335,41.649602
1088,,,
1089,1020050.0,-96.706451,32.829956
1090,,,
1091,1019833.0,-92.624672,44.403334
1092,,,
1093,1021350.0,-114.712524,42.932194
1094,,,
1095,1021308.0,-75.221221,40.037308
1096,,,
1097,1012253.0,-74.32289899999999,41.401965999999994
1098,,,
1099,1021392.0,-91.55237,34.498020000000004
1100,,,
1101,1005937.0,-93.52975699999999,47.221394000000004
1102,,,
1103,1017947.0,-79.978064,37.265053
1104,,,
1105,1018611.0,-84.37362900000001,33.738909
1106,,,
1107,1019989.0,-73.943475,40.823803999999996
1108,,,
1109,1009808.0,-72.559612,42.606069
1110,,,
1111,1021456.0,-79.977907,40.041866999999996
1112,,,
1113,1006059.0,-75.91127269,43.972095700000004
1114,,,
1115,1021289.0,-104.689105,40.424001000000004
1116,,,
1117,1021319.0,-87.633865,41.915853999999996
1118,,,
1119,1021320.0,-87.650439,41.880039000000004
1120,,,
1121,1004849.0,-84.378551,33.784257000000004
1122,,,
1123,1006997.0,-94.584857,47.100539000000005
1124,,,
1125,1019805.0,-76.877296,39.001146000000006
1126,,,
1127,1019132.0,-78.38414300000001,38.233858000000005
1128,,,
1129,1018472.0,-90.0653599,29.9165076
1130,,,
1131,1021382.0,-92.724057,41.743189
1132,,,
1133,1019088.0,-91.1491139,30.461755699999998
1134,,,
1135,1021247.0,-82.11834,33.387808
1136,,,
1137,1018619.0,-91.095446,42.782433000000005
1138,,,
1139,1005265.0,-157.914948,21.373292000000003
1140,,,
1141,1001804.0,-78.92836,36.76317
1142,,,
1143,1019673.0,-84.565522,39.394328
1144,,,
1145,1018774.0,-78.8531625,35.1865196
1146,,,
1147,1019738.0,-68.847236,44.74558
1148,,,
1149,1019209.0,-76.305582,36.912352
1150,,,
1151,1001597.0,-93.20970200000001,42.742892
1152,,,
1153,1006425.0,-159.499208,22.201731
1154,,,
1155,1019065.0,-83.65300400000001,41.039589
1156,,,
1157,1019148.0,-76.98261,39.803273
1158,,,
1159,1019533.0,-81.521429,41.080456
1160,,,
1161,1019770.0,-81.521429,41.080456
1162,,,
1163,1019154.0,-85.2011808,41.035934499999996
1164,,,
1165,1018380.0,-97.681611,31.073245
1166,,,
1167,1020122.0,-84.286978,38.394075
1168,,,
1169,1020125.0,-84.29787900000001,38.390005
1170,,,
1171,1020107.0,-85.889578,37.271491999999995
1172,,,
1173,1011782.0,-96.947438,43.632678999999996
1174,,,
1175,1019383.0,-73.947702,40.808707
1176,,,
1177,1019373.0,-73.94453,40.674043
1178,,,
1179,1019374.0,-73.96631,40.688145
1180,,,
1181,1019366.0,-73.831007,40.870274
1182,,,
1183,1019375.0,-73.96612900000001,40.58551
1184,,,
1185,1019380.0,-73.945625,40.790265999999995
1186,,,
1187,1019381.0,-73.9401,40.814968
1188,,,
1189,1019377.0,-73.890698,40.820778999999995
1190,,,
1191,1019378.0,-73.846979,40.857347
1192,,,
1193,1019376.0,-73.94252,40.655889
1194,,,
1195,1019382.0,-73.94885699999999,40.803028999999995
1196,,,
1197,1002339.0,-73.94622,40.785539
1198,,,
1199,1002335.0,-73.90951700000001,40.8427
1200,,,
1201,1005332.0,-73.883864,40.880479
1202,,,
1203,1019379.0,-73.911898,40.81385
1204,,,
1205,1002345.0,-73.953193,40.822369
1206,,,
1207,1009660.0,-157.71393500000002,21.283943
1208,,,
1209,1018282.0,-81.360033,41.150692
1210,,,
1211,1020044.0,-81.337712,41.155218
1212,,,
1213,1021431.0,-85.91723,39.726276
1214,,,
1215,1021211.0,-76.47320400000001,37.916391
1216,,,
1217,1019786.0,-111.167763,40.329639
1218,,,
1219,1019757.0,-118.35143400000001,34.094113
1220,,,
1221,1019192.0,-82.458271,35.314825
1222,,,
1223,1019895.0,-97.811491,40.778921999999994
1224,,,
1225,1021286.0,-96.426422,44.508646999999996
1226,,,
1227,1019802.0,-76.644722,39.4668834
1228,,,
1229,1021282.0,-100.631876,40.199476000000004
1230,,,
1231,1020174.0,-84.09616700000001,37.135019
1232,,,
1233,1003684.0,-117.53231799999999,34.110872
1234,,,
1235,1019234.0,-109.281673,34.132411499999996
1236,,,
1237,1006285.0,-89.994281,34.823026
1238,,,
1239,1019486.0,-77.387108,38.970411
1240,,,
1241,1021355.0,-112.015037,40.515537
1242,,,
1243,1020026.0,-87.24861999999999,36.433597
1244,,,
1245,1019224.0,-117.25763300000001,34.473755
1246,,,
1247,1019220.0,-80.01264499999999,35.966162
1248,,,
1249,1012260.0,-82.596257,29.825509000000004
1250,,,
1251,1006831.0,-79.58619499999999,38.409646
1252,,,
1253,1021327.0,-104.99968500000001,39.547022999999996
1254,,,
1255,1018951.0,-94.5353089,42.5171234
1256,,,
1257,1019688.0,-90.56665500000001,38.232278
1258,,,
1259,1019959.0,-122.990366,45.524375
1260,,,
1261,1019962.0,-122.917552,45.534675
1262,,,
1263,1021249.0,-122.692801,45.477581
1264,,,
1265,1019669.0,-81.59569,31.846771999999998
1266,,,
1267,1008020.0,-70.88896700000001,42.247351
1268,,,
1269,1005076.0,-87.928694,41.8036543
1270,,,
1271,1019330.0,-93.050943,34.504886
1272,,,
1273,1021208.0,-74.042428,40.719659
1274,,,
1275,1010937.0,-83.309076,43.053482
1276,,,
1277,1021418.0,-75.14746,38.772137
1278,,,
1279,1021419.0,-75.14775999999999,38.768122
1280,,,
1281,1021427.0,-75.150136,38.747053
1282,,,
1283,1011761.0,-82.008815,35.682465
1284,,,
1285,1018972.0,-87.405321,37.944041999999996
1286,,,
1287,1008980.0,-93.9908869,38.718656599999996
1288,,,
1289,1019302.0,-83.625343,42.7906
1290,,,
1291,1018853.0,-78.83619,35.650573
1292,,,
1293,1021229.0,-118.32819099999999,34.099639
1294,,,
1295,1018458.0,-76.420927,38.247929
1296,,,
1297,1007267.0,-151.512342,59.638109
1298,,,
1299,1009663.0,-87.66623100000001,41.562264
1300,,,
1301,1012076.0,-121.51581399999999,45.710094
1302,,,
1303,1019819.0,-121.96091799999999,45.349594
1304,,,
1305,1021372.0,-71.28214399999999,41.725161
1306,,,
1307,1019781.0,-71.356584,41.799956
1308,,,
1309,1012041.0,-93.41710400000001,44.925619
1310,,,
1311,1020100.0,-87.489438,36.866111
1312,,,
1313,1008366.0,-71.51777,42.229299
1314,,,
1315,1019313.0,-103.47908199999999,43.432276
1316,,,
1317,1018200.0,-81.942413,34.956245
1318,,,
1319,1005674.0,-73.783692,42.248656
1320,,,
1321,1018152.0,-77.610398,37.519515999999996
1322,,,
1323,1019990.0,-77.610901,37.519378
1324,,,
1325,1019056.0,-74.871267,40.505223
1326,,,
1327,1010598.0,-78.01723,40.485653000000006
1328,,,
1329,1021268.0,-88.424435,42.168577
1330,,,
1331,1019586.0,-97.54833599999999,30.545152
1332,,,
1333,1011325.0,-76.941854,38.952822
1334,,,
1335,1019731.0,-84.44233,39.139602000000004
1336,,,
1337,1012621.0,-95.470874,42.345172999999996
1338,,,
1339,1006417.0,-112.04250800000001,43.494592
1340,,,
1341,1005080.0,-83.074322,43.02429
1342,,,
1343,1020136.0,-88.08135300000001,37.334578
1344,,,
1345,1019011.0,-91.89497320000001,42.46870560000001
1346,,,
1347,1019236.0,-94.41817900000001,39.093845
1348,,,
1349,1018772.0,-74.27052900000001,43.782396999999996
1350,,,
1351,1019861.0,-79.15502099999999,40.621852000000004
1352,,,
1353,1004384.0,-85.06772609999999,42.9814841
1354,,,
1355,1012626.0,-93.264356,42.521221999999995
1356,,,
1357,1019340.0,-73.901875,40.663651
1358,,,
1359,1003680.0,-122.04911499999999,47.550637
1360,,,
1361,1001641.0,-84.598559,43.292319
1362,,,
1363,1004380.0,-96.246607,44.465196999999996
1364,,,
1365,1006376.0,-105.38445700000001,42.759014
1366,,,
1367,1018907.0,-89.66597259999999,37.377813700000004
1368,,,
1369,1018343.0,-90.862319,44.291599
1370,,,
1371,1020106.0,-83.988324,37.430289
1372,,,
1373,1020108.0,-83.922703,37.330559
1374,,,
1375,1019263.0,-83.21839399999999,35.375375
1376,,,
1377,1018978.0,-83.224149,35.375581
1378,,,
1379,1021281.0,-88.171891,43.309792
1380,,,
1381,1009970.0,-89.023298,42.681669
1382,,,
1383,1008299.0,-84.4343796,34.46747
1384,,,
1385,1021306.0,-75.156213,39.949940000000005
1386,,,
1387,1020192.0,-85.562797,38.195209999999996
1388,,,
1389,1020090.0,-82.8042,37.812048
1390,,,
1391,1002907.0,-116.3182535,34.1349431
1392,,,
1393,1018242.0,-134.4136031,58.29985
1394,,,
1395,1005270.0,-157.73733700000003,21.395630999999998
1396,,,
1397,1008375.0,-119.781524,36.843016999999996
1398,,,
1399,1019774.0,-85.58850100000001,42.275163
1400,,,
1401,1005252.0,-157.8698,21.344726
1402,,,
1403,1008118.0,-157.872454,21.335165
1404,,,
1405,1021264.0,-155.66266000000002,20.017794
1406,,,
1407,1005253.0,-157.810103,21.409789
1408,,,
1409,1005254.0,-158.066932,21.333263
1410,,,
1411,1005255.0,-157.877976,21.327407
1412,,,
1413,1019003.0,-97.24380699999999,32.926757
1414,,,
1415,1021369.0,-87.819902,42.587189
1416,,,
1417,1021348.0,-87.81994499999999,42.587205
1418,,,
1419,1021349.0,-87.819183,42.584009
1420,,,
1421,1020011.0,-77.073728,39.026476
1422,,,
1423,1019758.0,-85.59695699999999,42.874316
1424,,,
1425,1019210.0,-80.60619190000001,34.243264
1426,,,
1427,1010636.0,-80.341178,36.276367
1428,,,
1429,1019120.0,-77.2028,38.27678
1430,,,
1431,1003269.0,-74.019483,41.932986
1432,,,
1433,1019491.0,-77.276198,38.8347926
1434,,,
1435,1020032.0,-95.184629,30.047327000000003
1436,,,
1437,1019266.0,-92.584293,40.195114000000004
1438,,,
1439,1019212.0,-108.36051869999999,36.750789399999995
1440,,,
1441,1011117.0,-70.736542,43.090021
1442,,,
1443,1021332.0,-92.172403,40.167823999999996
1444,,,
1445,1020075.0,-83.867633,36.849364
1446,,,
1447,1021244.0,-75.705331,39.842787
1448,,,
1449,1021250.0,-66.011273,18.431395000000002
1450,,,
1451,1021345.0,-118.37983,34.044973
1452,,,
1453,1003343.0,-73.893737,40.846468
1454,,,
1455,1019986.0,-73.89197800000001,40.849357
1456,,,
1457,1020123.0,-85.379458,38.407465
1458,,,
1459,1019506.0,-76.978699,38.531647
1460,,,
1461,1019649.0,-73.38566800000001,41.235769
1462,,,
1463,1019409.0,-93.577673,33.355445
1464,,,
1465,1019103.0,-88.183818,42.180694
1466,,,
1467,1003863.0,-122.664774,45.417854999999996
1468,,,
1469,1012206.0,-73.9841054,44.27704129999999
1470,,,
1471,1019850.0,-94.193437,46.358912
1472,,,
1473,1019851.0,-94.235284,46.352551
1474,,,
1475,1019198.0,-77.4710931,37.6145155
1476,,,
1477,1002021.0,-77.470522,37.614945
1478,,,
1479,1002521.0,-81.804266,41.484539
1480,,,
1481,1019427.0,-79.326095,42.103565
1482,,,
1483,1020051.0,-96.751083,32.835725
1484,,,
1485,1019035.0,-93.933204,40.62353
1486,,,
1487,1019901.0,-89.8327,42.102207
1488,,,
1489,1019852.0,-82.603853,39.712631
1490,,,
1491,1019352.0,-106.94832099999999,44.760524
1492,,,
1493,1005352.0,-123.116207,44.056748
1494,,,
1495,1009803.0,-123.09154,44.050826
1496,,,
1497,1019756.0,-75.277496,40.234201
1498,,,
1499,1021291.0,-105.080197,40.586073
1500,,,
1501,1012344.0,-86.56453,34.647521999999995
1502,,,
1503,1019030.0,-89.130033,31.692521999999997
1504,,,
1505,1018834.0,-86.048868,42.219637
1506,,,
1507,1021324.0,-95.23448,38.96859
1508,,,
1509,1021325.0,-95.235986,38.963018
1510,,,
1511,1019450.0,-79.96109200000001,40.467011
1512,,,
1513,1016810.0,-86.469047,40.045671399999996
1514,,,
1515,1018113.0,-72.212877,41.635781
1516,,,
1517,1019158.0,-98.465436,29.609419
1518,,,
1519,1006652.0,-80.183684,25.836451
1520,,,
1521,1002768.0,-85.75945899999999,45.022857
1522,,,
1523,1019512.0,-94.803914,38.965267
1524,,,
1525,1010483.0,-77.584119,35.260631
1526,,,
1527,1016916.0,-84.617203,39.1587027
1528,,,
1529,1004651.0,-75.500665,43.794672
1530,,,
1531,1019503.0,-91.866902,43.980990999999996
1532,,,
1533,1019808.0,-70.22037900000001,44.096575
1534,,,
1535,1019726.0,-70.172185,44.089594
1536,,,
1537,1019537.0,-71.22245500000001,42.446439
1538,,,
1539,1019346.0,-71.206748,42.429241999999995
1540,,,
1541,1019650.0,-111.872426,40.744796
1542,,,
1543,1018927.0,-79.2507333,40.2501886
1544,,,
1545,1021361.0,-84.08109300000001,33.859588
1546,,,
1547,1004848.0,-114.5149,37.616659999999996
1548,,,
1549,1011300.0,-118.21309199999999,34.073479999999996
1550,,,
1551,1020132.0,-118.213102,34.073591
1552,,,
1553,1019304.0,-83.17766400000001,42.249843
1554,,,
1555,1021198.0,-117.17056299999999,32.785209
1556,,,
1557,1019167.0,-87.149098,39.039325
1558,,,
1559,1019678.0,-73.189724,41.743812
1560,,,
1561,1019679.0,-73.215193,41.740678
1562,,,
1563,1019631.0,-92.680159,37.118045
1564,,,
1565,1019207.0,-80.085081,42.1155929
1566,,,
1567,1019995.0,-117.167574,32.723123
1568,,,
1569,1021390.0,-94.1176,33.661403
1570,,,
1571,1012027.0,-78.640489,33.880648
1572,,,
1573,1019538.0,-110.556707,45.654253999999995
1574,,,
1575,1018418.0,-83.33199499999999,42.362596
1576,,,
1577,1018901.0,-78.826847,37.353215000000006
1578,,,
1579,1020094.0,-86.884185,36.866285999999995
1580,,,
1581,1019494.0,-77.21635500000001,38.698239
1582,,,
1583,1005431.0,-106.65491899999999,35.158683
1584,,,
1585,1018919.0,-91.062659,39.441188000000004
1586,,,
1587,1000462.0,-84.259924,39.266388
1588,,,
1589,1016820.0,-87.664233,41.943816
1590,,,
1591,1011233.0,-117.52864299999999,45.570355
1592,,,
1593,1018922.0,-75.49102099999999,43.793853999999996
1594,,,
1595,1011800.0,-93.660454,41.599698
1596,,,
1597,1021257.0,-86.447744,43.955713
1598,,,
1599,1019622.0,-77.833365,39.110875
1600,,,
1601,1019177.0,-77.395364,39.031603000000004
1602,,,
1603,1019175.0,-77.56573399999999,39.107555
1604,,,
1605,1019176.0,-77.489597,39.006277000000004
1606,,,
1607,1019940.0,-79.14037900000001,37.411516999999996
1608,,,
1609,1019435.0,-122.452228,48.944086999999996
1610,,,
1611,1011538.0,-84.575384,33.826085
1612,,,
1613,1000481.0,-94.013604,41.335221999999995
1614,,,
1615,1012249.0,-96.1754168,45.0087575
1616,,,
1617,1005201.0,-74.414532,40.759057
1618,,,
1619,1012046.0,-121.12716200000001,44.638418
1620,,,
1621,1021339.0,-122.295751,47.612615999999996
1622,,,
1623,1019360.0,-89.502026,43.066326000000004
1624,,,
1625,1021197.0,-86.1137,30.720266
1626,,,
1627,1018407.0,-89.389549,36.030081
1628,,,
1629,1005528.0,-80.245,40.169000000000004
1630,,,
1631,1006837.0,-120.79696499999999,38.730544
1632,,,
1633,1011119.0,-95.4504829,37.6817937
1634,,,
1635,1019706.0,-75.257714,41.575082
1636,,,
1637,1019752.0,-81.732318,41.028681
1638,,,
1639,1019501.0,-87.95474399999999,42.287242
1640,,,
1641,1005256.0,-157.836497,21.303939
1642,,,
1643,1019969.0,-72.51832399999999,41.781503
1644,,,
1645,1003980.0,-111.333325,45.856792999999996
1646,,,
1647,1018217.0,-86.323001,44.249272999999995
1648,,,
1649,1018998.0,-86.243595,45.959984000000006
1650,,,
1651,1005257.0,-157.807997,21.314189000000002
1652,,,
1653,1019111.0,-97.134052,32.564588
1654,,,
1655,1010286.0,-120.155979,47.884784
1656,,,
1657,1018310.0,-94.539507,42.527104
1658,,,
1659,1005218.0,-123.894248,45.719007
1660,,,
1661,1016799.0,-122.023367,47.367729
1662,,,
1663,1003238.0,-84.549494,33.953194
1664,,,
1665,1021358.0,-87.628231,45.098174
1666,,,
1667,1002235.0,-91.580744,42.04437720000001
1668,,,
1669,1019058.0,-83.122972,40.593303999999996
1670,,,
1671,1019482.0,-97.361665,41.440025
1672,,,
1673,1019368.0,-87.85651700000001,41.631943
1674,,,
1675,1012031.0,-78.9390094,33.6699343
1676,,,
1677,1000242.0,-88.045015,30.69035
1678,,,
1679,1019022.0,-88.557509,44.0053166
1680,,,
1681,1000616.0,-88.16008199999999,30.691614
1682,,,
1683,1019185.0,-80.18985500000001,25.787138
1684,,,
1685,1019866.0,-87.344853,41.595883
1686,,,
1687,1019806.0,-87.568349,37.972884
1688,,,
1689,1011972.0,-88.06464,44.52221
1690,,,
1691,1021341.0,-82.875408,39.97423
1692,,,
1693,1019876.0,-99.63987,41.405409999999996
1694,,,
1695,1019189.0,-83.91050600000001,35.965659
1696,,,
1697,1019924.0,-92.066002,31.12742
1698,,,
1699,1019843.0,-83.08053199999999,43.327346
1700,,,
1701,1020190.0,-88.378744,36.842165
1702,,,
1703,1002929.0,-70.71731700000001,42.098147999999995
1704,,,
1705,1019659.0,-77.055113,35.855219
1706,,,
1707,1018976.0,-89.9500804,38.7331622
1708,,,
1709,1011139.0,-83.969504,35.756987
1710,,,
1711,1019902.0,-83.80842,38.615072999999995
1712,,,
1713,1001281.0,-84.4426,42.580168
1714,,,
1715,1005642.0,-71.076514,42.3313532
1716,,,
1717,1003199.0,-86.35873000000001,41.655159999999995
1718,,,
1719,1019300.0,-82.30639559999999,34.7796468
1720,,,
1721,1019968.0,-90.082332,43.801303999999995
1722,,,
1723,1020145.0,-84.474473,36.694321
1724,,,
1725,1019487.0,-77.082026,38.818343
1726,,,
1727,1020134.0,-124.100568,40.944643
1728,,,
1729,1019490.0,-77.192913,38.943545
1730,,,
1731,1020081.0,-86.166136,37.988637
1732,,,
1733,1019634.0,-71.11543499999999,42.41853
1734,,,
1735,1021314.0,-75.385551,39.917838
1736,,,
1737,1018908.0,-102.176734,43.424109
1738,,,
1739,1019858.0,-81.869513,41.134636
1740,,,
1741,1019759.0,-82.034026,39.026596000000005
1742,,,
1743,1021209.0,-90.06008,35.132038
1744,,,
1745,1020199.0,-83.62783,37.951788
1746,,,
1747,1002905.0,-122.1841,37.450821999999995
1748,,,
1749,1019816.0,-87.603938,45.105926000000004
1750,,,
1751,1021357.0,-87.604562,45.107233
1752,,,
1753,1018093.0,-75.0490757,39.9524734
1754,,,
1755,1019464.0,-116.392301,43.609999
1756,,,
1757,1019137.0,-86.069521,40.755229
1758,,,
1759,1000021.0,-89.516816,34.373647
1760,,,
1761,1011076.0,-73.16990799999999,44.026734000000005
1762,,,
1763,1020087.0,-85.543717,38.242222
1764,,,
1765,1019683.0,-77.54531,39.441866999999995
1766,,,
1767,1019777.0,-84.236727,43.609016
1768,,,
1769,1012786.0,-90.30725100000001,38.656378000000004
1770,,,
1771,1005633.0,-105.840096,46.408215000000006
1772,,,
1773,1006681.0,-73.062096,41.226597999999996
1774,,,
1775,1009658.0,-158.018299,21.440682000000002
1776,,,
1777,1020034.0,-77.150329,39.126727
1778,,,
1779,1020035.0,-77.150144,39.126884999999994
1780,,,
1781,1020038.0,-77.199488,39.104422
1782,,,
1783,1012523.0,-93.25627800000001,44.978211
1784,,,
1785,1010485.0,-81.936127,32.802685
1786,,,
1787,1018486.0,-75.310511,38.769132
1788,,,
1789,1021454.0,-87.944924,43.025865
1790,,,
1791,1019239.0,-95.489641,32.662165
1792,,,
1793,1019716.0,-85.393346,40.198978000000004
1794,,,
1795,1006069.0,-106.4315,39.588390000000004
1796,,,
1797,1020195.0,-122.419881,37.755373
1798,,,
1799,1016862.0,-94.6512054,39.0219446
1800,,,
1801,1018939.0,-113.99211299999999,46.87474
1802,,,
1803,1010037.0,-118.243583,33.923533
1804,,,
1805,1001104.0,-95.69624,39.049968
1806,,,
1807,1006547.0,-83.39378,41.91965
1808,,,
1809,1012314.0,-89.639224,42.601889
1810,,,
1811,1019844.0,-122.58431100000001,45.519002
1812,,,
1813,1020166.0,-122.209928,37.826522
1814,,,
1815,1004297.0,-86.862926,33.09948
1816,,,
1817,1020085.0,-83.94130200000001,38.054333
1818,,,
1819,1021377.0,-83.683495,33.304642
1820,,,
1821,1011901.0,-76.847748,42.346431
1822,,,
1823,1019507.0,-107.874269,38.479423
1824,,,
1825,1021430.0,-94.805322,39.017779
1826,,,
1827,1019480.0,-122.65138700000001,45.47394
1828,,,
1829,1018573.0,-81.853276,39.648855
1830,,,
1831,1018314.0,-86.42869499999999,39.423392
1832,,,
1833,1018317.0,-86.3796098,39.612806
1834,,,
1835,1021252.0,-86.42090400000001,39.422140999999996
1836,,,
1837,1012560.0,-81.688488,35.746626899999995
1838,,,
1839,1012166.0,-74.48994499999999,40.801309
1840,,,
1841,1020162.0,-120.849956,35.365976
1842,,,
1843,1018926.0,-117.0014061,46.7317086
1844,,,
1845,1005559.0,-89.708626,44.797421
1846,,,
1847,1005499.0,-89.978008,42.101295
1848,,,
1849,1018991.0,-71.25688199999999,41.669478000000005
1850,,,
1851,1004717.0,-79.8734,32.790718
1852,,,
1853,1018995.0,-77.038675,38.931518
1854,,,
1855,1000585.0,-79.409554,39.408747
1856,,,
1857,1021307.0,-75.196253,40.046155999999996
1858,,,
1859,1021288.0,-84.776052,43.604433
1860,,,
1861,1021287.0,-84.780178,43.607074
1862,,,
1863,1021230.0,-85.543754,38.049484
1864,,,
1865,1010316.0,-83.646551,32.833797
1866,,,
1867,1012725.0,-149.731189,61.208991000000005
1868,,,
1869,1018924.0,-85.410675,40.188394200000005
1870,,,
1871,1018931.0,-86.653401,46.412557
1872,,,
1873,1019857.0,-79.696788,40.430121
1874,,,
1875,1018903.0,-149.113628,61.59993000000001
1876,,,
1877,1019682.0,-77.56524,39.505519
1878,,,
1879,1011535.0,-122.285131,38.301189
1880,,,
1881,1020055.0,-75.05512,41.596136
1882,,,
1883,1003081.0,-77.802729,35.955256
1884,,,
1885,1020017.0,-71.341206,42.290237
1886,,,
1887,1018702.0,-71.236446,42.280988
1888,,,
1889,1019737.0,-94.370028,36.870009
1890,,,
1891,1019908.0,-71.461775,41.8118
1892,,,
1893,1005527.0,-82.815383,40.081412
1894,,,
1895,1021347.0,-82.81541999999999,40.081379999999996
1896,,,
1897,1019725.0,-82.737607,42.68546
1898,,,
1899,1012739.0,-70.923644,41.675431
1900,,,
1901,1012738.0,-70.928587,41.644314
1902,,,
1903,1019348.0,-70.937913,41.661303000000004
1904,,,
1905,1012737.0,-70.937913,41.661303000000004
1906,,,
1907,1019227.0,-89.632242,42.809612
1908,,,
1909,1019879.0,-98.357951,40.922193
1910,,,
1911,1020043.0,-83.883624,36.039471
1912,,,
1913,1005939.0,-72.924912,41.307645
1914,,,
1915,1005991.0,-77.410676,37.699238
1916,,,
1917,1021336.0,-89.975013,30.030671999999996
1918,,,
1919,1012044.0,-70.9380776,43.0788567
1920,,,
1921,1019240.0,-117.92879199999999,33.607886
1922,,,
1923,1019294.0,-84.56655,37.893076
1924,,,
1925,1019883.0,-97.212686,41.948007000000004
1926,,,
1927,1010614.0,-73.197873,41.990739000000005
1928,,,
1929,1021279.0,-123.17882900000001,44.63664
1930,,,
1931,1020048.0,-79.009573,38.201665999999996
1932,,,
1933,1020066.0,-122.26907800000001,37.880337
1934,,,
1935,1021243.0,-81.409572,40.892548
1936,,,
1937,1021434.0,-81.41776899999999,40.875871000000004
1938,,,
1939,1019407.0,-73.988272,43.702638
1940,,,
1941,1018875.0,-82.524714,40.770362
1942,,,
1943,1021344.0,-82.523336,40.766123
1944,,,
1945,1018184.0,-93.199249,43.152590000000004
1946,,,
1947,1018550.0,-83.0043304,39.9718961
1948,,,
1949,1001059.0,-78.683173,33.827655
1950,,,
1951,1004865.0,-101.295598,48.233564
1952,,,
1953,1009884.0,-77.662435,39.938459
1954,,,
1955,1018455.0,-76.77563,38.473539
1956,,,
1957,1019640.0,-75.489035,40.684278000000006
1958,,,
1959,1003694.0,-87.8286573,42.1314024
1960,,,
1961,1006780.0,-93.262339,44.995288
1962,,,
1963,1010755.0,-117.90522800000001,48.543279
1964,,,
1965,1002764.0,-85.614175,45.129668
1966,,,
1967,1018728.0,-118.5562362,34.238573200000005
1968,,,
1969,1019815.0,-84.53998399999999,39.163947
1970,,,
1971,1021379.0,-89.362808,43.128145
1972,,,
1973,1019008.0,-75.523641,42.531632
1974,,,
1975,1019345.0,-83.910507,35.96565
1976,,,
1977,1020054.0,-77.264712,38.915538
1978,,,
1979,1019127.0,-74.154584,40.824341
1980,,,
1981,1019828.0,-87.917781,42.899242
1982,,,
1983,1019488.0,-77.302226,38.889444
1984,,,
1985,1018829.0,-71.1691939,42.3506821
1986,,,
1987,1019223.0,-76.91857590000001,38.8708398
1988,,,
1989,1019971.0,-84.304799,33.760143
1990,,,
1991,1019353.0,-82.320981,29.193929999999998
1992,,,
1993,1001839.0,-117.25016000000001,32.746190000000006
1994,,,
1995,1006250.0,-74.572082,39.282143
1996,,,
1997,1019200.0,-75.160072,38.3992566
1998,,,
1999,1021412.0,-80.74212,40.014375
2000,,,
2001,1021413.0,-80.865892,40.069884
2002,,,
2003,1001271.0,-122.687706,45.499865
2004,,,
2005,1021356.0,-89.650662,39.800581
2006,,,
2007,1020130.0,-118.1919,34.110124
2008,,,
2009,1020131.0,-118.191934,34.110171
2010,,,
2011,1020146.0,-122.274596,37.801382000000004
2012,,,
2013,1009659.0,-157.827323,21.292322
2014,,,
2015,1010865.0,-76.663201,34.719572
2016,,,
2017,1021351.0,-82.75421700000001,39.886238
2018,,,
2019,1019646.0,-122.902519,47.050425
2020,,,
2021,1018655.0,-96.0138738,41.237737100000004
2022,,,
2023,1019343.0,-96.041927,41.264675
2024,,,
2025,1001034.0,-88.202341,44.503625
2026,,,
2027,1019317.0,-77.49325999999999,34.782418
2028,,,
2029,1018807.0,-73.02105870000001,41.2735586
2030,,,
2031,1020114.0,-117.85586599999999,33.791554
2032,,,
2033,1018920.0,-81.70166400000001,30.165484000000003
2034,,,
2035,1008468.0,-122.597822,45.333082
2036,,,
2037,1019202.0,-120.484427,37.30093
2038,,,
2039,1020198.0,-122.174543,37.882764
2040,,,
2041,1008360.0,-81.05548399999999,29.284852
2042,,,
2043,1019416.0,-116.255806,46.477928999999996
2044,,,
2045,1019019.0,-88.537573,44.021478
2046,,,
2047,1019023.0,-88.537461,44.022875
2048,,,
2049,1019025.0,-88.54000400000001,44.03325
2050,,,
2051,1019387.0,-88.351638,41.684726
2052,,,
2053,1021273.0,-88.35159499999999,41.68475
2054,,,
2055,1021215.0,-95.556782,38.777419
2056,,,
2057,1020023.0,-76.82215699999999,42.676728999999995
2058,,,
2059,1021384.0,-86.76948399999999,39.286121
2060,,,
2061,1004212.0,-78.58661629999999,36.3148277
2062,,,
2063,1021335.0,-84.74154399999999,39.510915000000004
2064,,,
2065,1012777.0,-119.18027,34.19798
2066,,,
2067,1008946.0,-123.96074899999999,45.205076
2068,,,
2069,1012526.0,-88.596972,37.090713
2070,,,
2071,1021200.0,-121.755366,36.910275
2072,,,
2073,1019723.0,-73.917284,41.011604999999996
2074,,,
2075,1019102.0,-98.543052,29.321634000000003
2076,,,
2077,1005248.0,-157.797316,21.29891
2078,,,
2079,1018687.0,-87.7831286,41.6604652
2080,,,
2081,1011995.0,-118.373725,33.779336
2082,,,
2083,1021398.0,-90.486623,36.05557
2084,,,
2085,1019755.0,-77.023928,38.932171999999994
2086,,,
2087,1019761.0,-77.02396,38.932155
2088,,,
2089,1006927.0,-94.683086,39.187828
2090,,,
2091,1019939.0,-97.52481999999999,35.501891
2092,,,
2093,1021417.0,-77.76677099999999,40.151488
2094,,,
2095,1019674.0,-73.60084499999999,41.564215000000004
2096,,,
2097,1019910.0,-71.387274,41.877734000000004
2098,,,
2099,1018944.0,-71.39999,41.862831
2100,,,
2101,1019916.0,-71.39187199999999,41.767977
2102,,,
2103,1019068.0,-116.935907,44.069117
2104,,,
2105,1021389.0,-111.327601,34.229808
2106,,,
2107,1020175.0,-120.338076,37.974304
2108,,,
2109,1019685.0,-95.428973,29.169195000000002
2110,,,
2111,1018466.0,-72.170037,44.327445000000004
2112,,,
2113,1019454.0,-98.08487099999999,30.387133000000002
2114,,,
2115,1020072.0,-84.332926,38.671615
2116,,,
2117,1019854.0,-74.79688,40.3494
2118,,,
2119,1019822.0,-95.392324,39.08143
2120,,,
2121,1018626.0,-122.637103,38.233365
2122,,,
2123,1018627.0,-122.636797,38.231796
2124,,,
2125,1012060.0,-72.186669,42.488744
2126,,,
2127,1010839.0,-77.0250472,38.94115120000001
2128,,,
2129,1019128.0,-80.256362,36.1304034
2130,,,
2131,1001260.0,-97.606001,30.442584999999998
2132,,,
2133,1020126.0,-117.524831,34.439822
2134,,,
2135,1002060.0,-73.649443,42.249303000000005
2136,,,
2137,1020177.0,-85.733398,38.251583000000004
2138,,,
2139,1007245.0,-79.992657,36.087691
2140,,,
2141,1010408.0,-77.117929,39.049352
2142,,,
2143,1020165.0,-82.544326,37.485971
2144,,,
2145,1021380.0,-92.97068900000001,45.832364
2146,,,
2147,1010638.0,-80.285895,25.669124
2148,,,
2149,1016803.0,-73.895438,40.671863
2150,,,
2151,1018921.0,-95.769944,34.926815999999995
2152,,,
2153,1020005.0,-83.700262,42.197733
2154,,,
2155,1019328.0,-83.804474,44.380388
2156,,,
2157,1019885.0,-97.787145,42.353346
2158,,,
2159,1012268.0,-85.65072099999999,42.452003000000005
2160,,,
2161,1019344.0,-85.643297,42.44491
2162,,,
2163,1019478.0,-107.962277,39.238943
2164,,,
2165,1019616.0,-90.47957,42.735314
2166,,,
2167,1019615.0,-90.479874,42.736018
2168,,,
2169,1019884.0,-95.894144,41.005653
2170,,,
2171,1020019.0,-118.41662600000001,33.975922
2172,,,
2173,1008213.0,-81.205928,39.390828000000006
2174,,,
2175,1021455.0,-73.79365200000001,41.135051000000004
2176,,,
2177,1004602.0,-86.307641,41.34065
2178,,,
2179,1011146.0,-73.5635307,42.690475799999994
2180,,,
2181,1005259.0,-158.18843700000002,21.442923
2182,,,
2183,1012366.0,-84.36459599999999,33.772428999999995
2184,,,
2185,1019027.0,-73.661339,41.002109999999995
2186,,,
2187,1018986.0,-82.543109,43.424322
2188,,,
2189,1020037.0,-122.760304,48.117020000000004
2190,,,
2191,1018474.0,-122.686792,45.583224
2192,,,
2193,1018477.0,-122.65898200000001,45.557097
2194,,,
2195,1018478.0,-122.56858940000001,45.4813183
2196,,,
2197,1018482.0,-122.68483300000001,45.512347999999996
2198,,,
2199,1018483.0,-122.682231,45.517125
2200,,,
2201,1007797.0,-70.75355340000002,43.0711929
2202,,,
2203,1018963.0,-89.27025440000001,43.1680835
2204,,,
2205,1019807.0,-83.009303,39.9695356
2206,,,
2207,1021263.0,-112.482809,34.557395
2208,,,
2209,1019149.0,-110.8088043,39.601079799999994
2210,,,
2211,1019793.0,-77.287343,37.224538
2212,,,
2213,1020086.0,-85.58995999999999,38.37102
2214,,,
2215,1018215.0,-106.404321,35.416275
2216,,,
2217,1019868.0,-77.703843,39.136603
2218,,,
2219,1021266.0,-81.995042,38.440335
2220,,,
2221,1011596.0,-81.99554,38.441891999999996
2222,,,
2223,1003402.0,-122.29243500000001,47.191241
2224,,,
2225,1019477.0,-94.787418,36.955063
2226,,,
2227,1010145.0,-122.357601,47.637172
2228,,,
2229,1005260.0,-157.81638,21.268812
2230,,,
2231,1019122.0,-120.950176,39.937090999999995
2232,,,
2233,1019315.0,-91.409173,39.932753999999996
2234,,,
2235,1011310.0,-85.451892,33.255362
2236,,,
2237,1019204.0,-90.983393,36.257409
2238,,,
2239,1020093.0,-83.526289,37.009793
2240,,,
2241,1019500.0,-109.247918,45.1913
2242,,,
2243,1001766.0,-95.228044,41.009640999999995
2244,,,
2245,1020024.0,-91.10684499999999,30.442682
2246,,,
2247,1021277.0,-91.185787,30.45195
2248,,,
2249,1003610.0,-91.12106700000001,30.399196999999997
2250,,,
2251,1019410.0,-80.395809,25.506957
2252,,,
2253,1019411.0,-80.39582,25.506957
2254,,,
2255,1004750.0,-117.18144099999999,34.056447999999996
2256,,,
2257,1004751.0,-117.18091299999999,34.05708
2258,,,
2259,1000712.0,-89.99340600000001,43.549611999999996
2260,,,
2261,1019235.0,-79.66400290000001,36.3586088
2262,,,
2263,1009020.0,-87.1501069,40.935640299999996
2264,,,
2265,1019493.0,-77.342215,38.948449
2266,,,
2267,1002843.0,-111.78240500000001,43.823218
2268,,,
2269,1018549.0,-84.893377,39.829996
2270,,,
2271,1021272.0,-84.900398,39.825813000000004
2272,,,
2273,1019930.0,-89.99324200000001,42.998521000000004
2274,,,
2275,1019142.0,-80.83862099999999,33.528187
2276,,,
2277,1019145.0,-81.144272,33.315079
2278,,,
2279,1005060.0,-72.03585,42.765593
2280,,,
2281,1021312.0,-75.170836,39.950039000000004
2282,,,
2283,1021302.0,-75.170843,39.950045
2284,,,
2285,1019419.0,-77.40373000000001,37.233787
2286,,,
2287,1019312.0,-107.608015,45.742235
2288,,,
2289,1004073.0,-76.935311,38.962979
2290,,,
2291,1019418.0,-77.94793,34.234207
2292,,,
2293,1018284.0,-81.67629029999999,30.316494300000002
2294,,,
2295,1021409.0,-86.192041,39.806671
2296,,,
2297,1000194.0,-87.8201027,41.827785600000006
2298,,,
2299,1019259.0,-90.24665300000001,29.973156
2300,,,
2301,1019927.0,-74.042798,40.744735999999996
2302,,,
2303,1019635.0,-75.42808000000001,38.913062
2304,,,
2305,1019070.0,-85.373322,40.961979
2306,,,
2307,1019899.0,-96.300832,43.200223
2308,,,
2309,1020173.0,-89.08098000000001,42.262526
2310,,,
2311,1019033.0,-85.05309399999999,33.997669
2312,,,
2313,1012576.0,-77.1492295,39.0819115
2314,,,
2315,1019048.0,-112.188004,47.818183000000005
2316,,,
2317,1011286.0,-93.551965,45.186933
2318,,,
2319,1019747.0,-93.066381,37.115153
2320,,,
2321,1003969.0,-122.6905,42.1949
2322,,,
2323,1003970.0,-122.854244,42.336896
2324,,,
2325,1003971.0,-122.70042600000001,42.192172
2326,,,
2327,1018637.0,-122.703949,38.349284000000004
2328,,,
2329,1011778.0,-88.01617399999999,42.078232
2330,,,
2331,1019479.0,-114.097574,47.5276
2332,,,
2333,1018349.0,-73.5908479,40.6817846
2334,,,
2335,1019973.0,-80.854493,35.262802
2336,,,
2337,1010821.0,-95.300309,32.347947999999995
2338,,,
2339,1019194.0,-71.130709,42.286072
2340,,,
2341,1019791.0,-80.036108,40.533713
2342,,,
2343,1021218.0,-120.466224,34.700679
2344,,,
2345,1005261.0,-158.032652,21.389120000000002
2346,,,
2347,1019119.0,-77.518506,38.016661
2348,,,
2349,1021451.0,-117.10491499999999,34.206855
2350,,,
2351,1003915.0,-91.09924000000001,45.464998
2352,,,
2353,1019620.0,-93.135468,35.280402
2354,,,
2355,1018975.0,-92.635542,32.529214
2356,,,
2357,1019715.0,-78.886752,37.7874422
2358,,,
2359,1019825.0,-82.994617,39.948137
2360,,,
2361,1019734.0,-83.959772,40.127699
2362,,,
2363,1002062.0,-78.741263,42.164734
2364,,,
2365,1005214.0,-80.05860600000001,37.292997
2366,,,
2367,1003412.0,-70.894653,42.520665
2368,,,
2369,1019211.0,-71.2372585,42.781773
2370,,,
2371,1004988.0,-83.78114599999999,42.165956
2372,,,
2373,1004990.0,-83.785094,42.179728000000004
2374,,,
2375,1002485.0,-122.648554,45.720387
2376,,,
2377,1019428.0,-85.15267800000001,41.175641
2378,,,
2379,1005262.0,-157.904131,21.346157
2380,,,
2381,1009080.0,-122.4085979,37.7373447
2382,,,
2383,1018449.0,-70.774653,43.438711
2384,,,
2385,1019913.0,-71.42853000000001,41.811066
2386,,,
2387,1020185.0,-121.96793400000001,37.364613
2388,,,
2389,1018625.0,-122.689399,38.434379
2390,,,
2391,1018315.0,-122.71359,38.4406777
2392,,,
2393,1011160.0,-87.183559,30.603977
2394,,,
2395,1007261.0,-85.621764,44.765173
2396,,,
2397,1008303.0,-92.004296,34.231049
2398,,,
2399,1012203.0,-74.131251,44.32463
2400,,,
2401,1019323.0,-122.87534,38.992593
2402,,,
2403,1007250.0,-73.94681800000001,42.080345
2404,,,
2405,1019443.0,-71.586035,41.834131
2406,,,
2407,1012037.0,-74.39755699999999,40.650166999999996
2408,,,
2409,1019627.0,-72.081503,41.698757
2410,,,
2411,1020088.0,-84.559554,38.211492
2412,,,
2413,1019515.0,-77.75337900000001,43.022276
2414,,,
2415,1019445.0,-82.847372,39.924927000000004
2416,,,
2417,1018167.0,-71.00031259999999,43.0168516
2418,,,
2419,1018172.0,-70.8601023,43.215561799999996
2420,,,
2421,1019237.0,-96.159309,29.78029
2422,,,
2423,1021233.0,-75.645391,35.854615
2424,,,
2425,1018773.0,-93.255481,38.698011
2426,,,
2427,1019610.0,-80.244023,36.09598
2428,,,
2429,1019442.0,-76.800314,42.909109
2430,,,
2431,1019395.0,-94.34213299999999,34.042245
2432,,,
2433,1010838.0,-78.38603499999999,33.975058000000004
2434,,,
2435,1019455.0,-88.612868,44.777707
2436,,,
2437,1021429.0,-94.805322,39.017779
2438,,,
2439,1001280.0,-95.338882,41.645926
2440,,,
2441,1019976.0,-85.780478,39.52422
2442,,,
2443,1020103.0,-85.709198,37.988053
2444,,,
2445,1018988.0,-84.235026,39.819046
2446,,,
2447,1019319.0,-122.349452,47.741553
2448,,,
2449,1012179.0,-87.898448,43.091905
2450,,,
2451,1020004.0,-93.744962,32.514185999999995
2452,,,
2453,1021397.0,-94.541074,36.181621
2454,,,
2455,1018771.0,-108.27618500000001,32.774516999999996
2456,,,
2457,1021219.0,-108.24248200000001,32.787733
2458,,,
2459,1011044.0,-118.277386,34.090540999999995
2460,,,
2461,1016822.0,-116.120504,47.536412
2462,,,
2463,1018601.0,-122.66860700000001,47.651931
2464,,,
2465,1011811.0,-118.71809099999999,34.285295
2466,,,
2467,1010560.0,-96.408445,42.490552
2468,,,
2469,1003169.0,-135.326742,57.05151899999999
2470,,,
2471,1018814.0,-107.75093899999999,32.189126
2472,,,
2473,1019869.0,-80.050842,41.062533
2474,,,
2475,1020163.0,-120.667181,35.247189
2476,,,
2477,1010014.0,-85.9461859,36.2233523
2478,,,
2479,1020022.0,-117.927099,33.694866999999995
2480,,,
2481,1019926.0,-77.062753,43.237102
2482,,,
2483,1020159.0,-86.438462,36.970919
2484,,,
2485,1003836.0,-117.269204,32.987194
2486,,,
2487,1019829.0,-151.067584,60.49304
2488,,,
2489,1019671.0,-79.072141,40.022787
2490,,,
2491,1020039.0,-71.125686,42.40098
2492,,,
2493,1020040.0,-71.087099,42.385778
2494,,,
2495,1011934.0,-71.091856,42.396251
2496,,,
2497,1011935.0,-71.131331,42.407206
2498,,,
2499,1019803.0,-81.72001,30.403740000000003
2500,,,
2501,1020067.0,-122.27193100000001,37.847765
2502,,,
2503,1019385.0,-85.91722299999999,35.193923
2504,,,
2505,1018138.0,-85.6394126,42.9464659
2506,,,
2507,1021214.0,-80.860801,35.209109999999995
2508,,,
2509,1019599.0,-97.745633,30.631014
2510,,,
2511,1002526.0,-78.13014220000001,36.7244013
2512,,,
2513,1019915.0,-71.49696,41.428191999999996
2514,,,
2515,1019511.0,-83.65316899999999,42.461015
2516,,,
2517,1010997.0,-80.291066,25.704072
2518,,,
2519,1010445.0,-87.862688,42.9107287
2520,,,
2521,1019091.0,-75.66686429999999,41.400350700000004
2522,,,
2523,1018098.0,-94.865955,39.718654
2524,,,
2525,1002063.0,-78.041832,42.211214
2526,,,
2527,1019979.0,-87.888847,42.697348
2528,,,
2529,1021326.0,-105.09573,39.611903999999996
2530,,,
2531,1005560.0,-80.772836,36.742228000000004
2532,,,
2533,1019305.0,-83.130895,42.362216
2534,,,
2535,1018952.0,-104.831846,37.600390999999995
2536,,,
2537,1019173.0,-86.24754200000001,39.793698
2538,,,
2539,1019784.0,-77.495899,38.219747
2540,,,
2541,1019452.0,-77.563047,38.29038
2542,,,
2543,1019782.0,-77.559528,38.289909
2544,,,
2545,1021394.0,-94.11845,36.18745
2546,,,
2547,1003588.0,-89.95209799999999,34.316885
2548,,,
2549,1018312.0,-122.75448529999998,45.590109600000005
2550,,,
2551,1020042.0,-84.60826899999999,43.410742
2552,,,
2553,1019628.0,-116.586445,47.318286
2554,,,
2555,1020176.0,-85.646194,38.251785
2556,,,
2557,1019675.0,-76.225202,38.785160999999995
2558,,,
2559,1007810.0,-93.2429,44.6451
2560,,,
2561,1012278.0,-82.633652,27.769964
2562,,,
2563,1012766.0,-72.304724,41.953553
2564,,,
2565,1018211.0,-80.197218,35.366184000000004
2566,,,
2567,1012100.0,-72.581067,42.108668
2568,,,
2569,1018918.0,-77.47756899999999,40.050647
2570,,,
2571,1021333.0,-91.358368,37.967138
2572,,,
2573,1021334.0,-91.359291,37.966076
2574,,,
2575,1010057.0,-86.416062,35.852209
2576,,,
2577,1019526.0,-81.452156,41.168794
2578,,,
2579,1018451.0,-72.71200400000001,44.473531
2580,,,
2581,1012116.0,-76.58198900000001,36.737572
2582,,,
2583,1019545.0,-81.54231800000001,41.058965
2584,,,
2585,1019036.0,-80.373,33.9324793
2586,,,
2587,1019112.0,-104.98187800000001,40.529078000000005
2588,,,
2589,1007271.0,-106.55743700000001,31.791358000000002
2590,,,
2591,1020186.0,-122.026323,37.385784
2592,,,
2593,1021432.0,-111.1103,33.285146000000005
2594,,,
2595,1009707.0,-78.97436409999999,33.606961600000005
2596,,,
2597,1008173.0,-82.024341,26.608161
2598,,,
2599,1020149.0,-120.17166499999999,41.527832000000004
2600,,,
2601,1019481.0,-88.557375,44.311141
2602,,,
2603,1002765.0,-85.647075,44.980185999999996
2604,,,
2605,1019981.0,-84.063354,34.05617
2606,,,
2607,1021313.0,-75.348771,39.901671
2608,,,
2609,1018923.0,-82.560612,27.999259000000002
2610,,,
2611,1019015.0,-120.14113,39.169938
2612,,,
2613,1020036.0,-119.755381,39.416292
2614,,,
2615,1018476.0,-105.57453899999999,36.407207
2616,,,
2617,1020073.0,-85.344893,38.03192
2618,,,
2619,1011738.0,-82.4000115,34.8485031
2620,,,
2621,1019138.0,-72.023787,42.815213
2622,,,
2623,1003982.0,-107.81308600000001,37.936842999999996
2624,,,
2625,1020147.0,-122.259736,37.839774
2626,,,
2627,1019075.0,-82.394125,28.050964
2628,,,
2629,1021370.0,-122.855397,46.856294
2630,,,
2631,1018994.0,-85.8654557,42.8677383
2632,,,
2633,1010998.0,-87.37607,39.464145
2634,,,
2635,1000710.0,-97.80668299999999,30.469036
2636,,,
2637,1021216.0,-97.707309,30.296761
2638,,,
2639,1018279.0,-85.687996,42.201444
2640,,,
2641,1021235.0,-83.18569000000001,35.301188
2642,,,
2643,1021204.0,-78.44555600000001,38.126837
2644,,,
2645,1012690.0,-89.38516,40.154182
2646,,,
2647,1020049.0,-80.361114,33.919521
2648,,,
2649,1019047.0,-70.391653,43.514488
2650,,,
2651,1019933.0,-75.219388,38.325383
2652,,,
2653,1021203.0,-118.142518,34.69773
2654,,,
2655,1019596.0,-76.913335,38.887555
2656,,,
2657,1018959.0,-87.361048,36.528219
2658,,,
2659,1021254.0,-79.828293,36.069019
2660,,,
2661,1019181.0,-74.059815,41.442234
2662,,,
2663,1019303.0,-106.926949,37.852344
2664,,,
2665,1019544.0,-85.508543,38.286927
2666,,,
2667,1019775.0,-84.563916,39.334042
2668,,,
2669,1019931.0,-107.569106,32.920178
2670,,,
2671,1019948.0,-71.31280500000001,42.641166
2672,,,
2673,1019166.0,-76.947513,38.985968
2674,,,
2675,1019626.0,-72.101949,41.487852600000004
2676,,,
2677,1019751.0,-74.813622,40.914599
2678,,,
2679,1021304.0,-75.16317099999999,39.929934
2680,,,
2681,1019697.0,-84.426967,33.773326000000004
2682,,,
2683,1019700.0,-84.46008,33.638149
2684,,,
2685,1019699.0,-84.390574,33.755202000000004
2686,,,
2687,1019698.0,-84.476405,33.764764
2688,,,
2689,1019696.0,-84.416667,33.728652000000004
2690,,,
2691,1021276.0,-95.19455699999999,29.975941
2692,,,
2693,1012357.0,-82.842837,27.84788
2694,,,
2695,1019001.0,-80.46576400000001,39.037553
2696,,,
2697,1019504.0,-74.770016,40.784492
2698,,,
2699,1019966.0,-79.04880899999999,37.583162
2700,,,
2701,1018422.0,-88.960382,43.845375
2702,,,
2703,1016917.0,-132.95591299999998,56.811930000000004
2704,,,
2705,1019928.0,-86.66686800000001,33.40644
2706,,,
2707,1011497.0,-76.730703,39.793503
2708,,,
2709,1019517.0,-73.207774,41.332209999999996
2710,,,
2711,1002101.0,-72.3033449,42.590734000000005
2712,,,
2713,1019739.0,-104.992071,39.961115
2714,,,
2715,1019826.0,-122.426975,45.499582000000004
2716,,,
2717,1019975.0,-86.49105300000001,39.164192
2718,,,
2719,1018628.0,-122.630899,38.252337
2720,,,
2721,1018624.0,-122.48205300000001,38.31433
2722,,,
2723,1000278.0,-90.31353,42.404443
2724,,,
2725,1020015.0,-74.23468299999999,40.882225
2726,,,
2727,1010798.0,-119.827646,39.514749
2728,,,
2729,1012799.0,-72.821619,43.228259
2730,,,
2731,1008826.0,-121.7737712,38.679231099999996
2732,,,
2733,1008827.0,-121.79304499999999,38.663686
2734,,,
2735,1019228.0,-96.184263,48.118840999999996
2736,,,
2737,1017961.0,-122.53450500000001,38.001228999999995
2738,,,
2739,1009802.0,-122.77214199999999,45.429956
2740,,,
2741,1004291.0,-79.701993,41.636277
2742,,,
2743,1021365.0,-71.15004499999999,41.622867
2744,,,
2745,1021447.0,-94.232501,36.175764
2746,,,
2747,1019963.0,-104.184071,42.064541
2748,,,
2749,1019860.0,-88.008346,43.048823999999996
2750,,,
2751,1019393.0,-80.7362,36.766222
2752,,,
2753,1019213.0,-85.57305500000001,33.1234
2754,,,
2755,1006324.0,-72.71171700000001,43.084255999999996
2756,,,
2757,1019638.0,-78.704999,41.201813
2758,,,
2759,1021343.0,-81.690301,41.479328
2760,,,
2761,1018933.0,-115.587957,47.832429
2762,,,
2763,1020002.0,-73.691288,42.732715
2764,,,
2765,1019632.0,-86.57513,34.859086
2766,,,
2767,1018397.0,-86.537883,39.167687
2768,,,
2769,1019324.0,-122.91373999999999,39.043566
2770,,,
2771,1018283.0,-88.704327,34.253733000000004
2772,,,
2773,1019349.0,-87.562834,33.216479
2774,,,
2775,1012573.0,-112.33373,45.542747
2776,,,
2777,1005493.0,-89.697172,41.787255
2778,,,
2779,1006169.0,-87.56939200000001,44.150114
2780,,,
2781,1018968.0,-81.614994,34.716023
2782,,,
2783,1019215.0,-83.95066899999999,34.886298
2784,,,
2785,1019925.0,-83.8228,36.237614
2786,,,
2787,1010158.0,-69.274562,44.211498
2788,,,
2789,1019540.0,-71.094533,42.379761
2790,,,
2791,1018634.0,-82.39551999999999,29.625490000000003
2792,,,
2793,1021305.0,-75.19488299999999,39.953276
2794,,,
2795,1019764.0,-83.066903,40.013849
2796,,,
2797,1001886.0,-77.373338,35.611005
2798,,,
2799,1019105.0,-82.16380579999999,34.1903885
2800,,,
2801,1019448.0,-82.932051,40.12757
2802,,,
2803,1019342.0,-95.43110300000001,29.741093
2804,,,
2805,1018852.0,-91.873662,42.223981
2806,,,
2807,1019498.0,-77.35446999999999,39.331635999999996
2808,,,
2809,1005631.0,-77.028494,38.887743
2810,,,
2811,1001999.0,-75.225983,43.096382
2812,,,
2813,1018535.0,-78.42440129999999,36.3378971
2814,,,
2815,1019692.0,-81.771054,26.246337
2816,,,
2817,1012325.0,-122.46075800000001,47.447921
2818,,,
2819,1018597.0,-96.93415,42.779219
2820,,,
2821,1018598.0,-96.9346099,42.7851033
2822,,,
2823,1019078.0,-72.980071,43.605826
2824,,,
2825,1019080.0,-72.98559200000001,43.607915999999996
2826,,,
2827,1019182.0,-94.340102,37.843771999999994
2828,,,
2829,1019952.0,-87.962265,42.241619
2830,,,
2831,1012247.0,-85.528345,42.126553
2832,,,
2833,1019513.0,-97.000968,28.821562
2834,,,
2835,1012297.0,-81.654595,41.455724
2836,,,
2837,1018155.0,-85.670007,41.843957
2838,,,
2839,1019645.0,-87.998186,41.675519
2840,,,
2841,1019156.0,-87.756755,42.026029
2842,,,
2843,1006342.0,-87.531359,38.680609999999994
2844,,,
2845,1021297.0,-89.908925,38.591615000000004
2846,,,
2847,1018214.0,-119.79104129999999,36.809760600000004
2848,,,
2849,1021251.0,-80.212735,25.747026
2850,,,
2851,1018504.0,-71.865502,41.573913
2852,,,
2853,1001925.0,-73.930027,42.649656
2854,,,
2855,1010394.0,-92.03263299999999,44.384124
2856,,,
2857,1019155.0,-97.132941,31.556820000000002
2858,,,
2859,1005268.0,-158.02258,21.500382000000002
2860,,,
2861,1004574.0,-96.617391,41.212078999999996
2862,,,
2863,1005263.0,-157.952992,21.402403
2864,,,
2865,1005269.0,-157.971725,21.453708
2866,,,
2867,1005264.0,-157.6946,21.331444
2868,,,
2869,1005266.0,-157.999449,21.387839000000003
2870,,,
2871,1019489.0,-77.196229,38.832801
2872,,,
2873,1021340.0,-122.333359,47.663924
2874,,,
2875,1020197.0,-122.040479,37.902665999999996
2876,,,
2877,1018219.0,-92.425855,41.017421999999996
2878,,,
2879,1021366.0,-96.403458,30.2145775
2880,,,
2881,1018552.0,-122.581273,47.330952
2882,,,
2883,1020021.0,-76.865814,42.903737
2884,,,
2885,1019394.0,-73.106489,41.62258
2886,,,
2887,1018319.0,-103.271392,47.797315000000005
2888,,,
2889,1001962.0,-91.47287800000001,43.260191
2890,,,
2891,1011229.0,-82.38185109999999,31.235752
2892,,,
2893,1019613.0,-85.642864,42.67262
2894,,,
2895,1004499.0,-71.36989200000001,42.363071000000005
2896,,,
2897,1019016.0,-111.42088999999999,38.299219
2898,,,
2899,1019664.0,-75.251749,41.567023
2900,,,
2901,1012485.0,-83.064645,42.356528000000004
2902,,,
2903,1020047.0,-78.885734,38.068559
2904,,,
2905,1019124.0,-80.186112,39.896462
2906,,,
2907,1019743.0,-71.375284,41.818877
2908,,,
2909,1021452.0,-94.462592,37.140206
2910,,,
2911,1006093.0,-80.415459,38.47842
2912,,,
2913,1000384.0,-77.45294799999999,43.212229
2914,,,
2915,1019864.0,-79.15934399999999,40.610507
2916,,,
2917,1012212.0,-116.97113,44.244083
2918,,,
2919,1019641.0,-95.84818100000001,41.583892999999996
2920,,,
2921,1019114.0,-70.02799499999999,41.939238
2922,,,
2923,1002890.0,-118.334753,34.03979
2924,,,
2925,1002280.0,-91.979567,31.035239
2926,,,
2927,1019067.0,-79.958472,37.27783
2928,,,
2929,1018650.0,-118.45067399999999,34.045724
2930,,,
2931,1011203.0,-86.915836,40.461469
2932,,,
2933,1019424.0,-74.23813100000001,40.780392
2934,,,
2935,1019657.0,-91.835774,36.723987
2936,,,
2937,1019877.0,-96.70591800000001,41.837740999999994
2938,,,
2939,1002177.0,-73.96631,41.36957
2940,,,
2941,1016908.0,-87.68439599999999,41.902871999999995
2942,,,
2943,1019911.0,-71.516856,41.713691
2944,,,
2945,1012204.0,-112.265596,33.658196999999994
2946,,,
2947,1010319.0,-95.560152,29.736539
2948,,,
2949,1019509.0,-105.46641100000001,38.136152
2950,,,
2951,1021367.0,-71.83171999999999,41.375089
2952,,,
2953,1019364.0,-80.760056,37.972743
2954,,,
2955,1019444.0,-82.913324,40.123435
2956,,,
2957,1021274.0,-72.751662,42.119741999999995
2958,,,
2959,1019797.0,-83.078781,39.954491
2960,,,
2961,1021246.0,-83.380778,42.319173
2962,,,
2963,1002816.0,-71.906161,42.541635
2964,,,
2965,1020070.0,-85.57169499999999,38.288727
2966,,,
2967,1001661.0,-89.470061,43.076159000000004
2968,,,
2969,1021217.0,-89.470022,43.076384999999995
2970,,,
2971,1004515.0,-84.55985799999999,42.734770000000005
2972,,,
2973,1005280.0,-122.057,36.9598
2974,,,
2975,1020020.0,-118.44653000000001,34.061784
2976,,,
2977,1021258.0,-70.941897,42.181987
2978,,,
2979,1020010.0,-86.65300400000001,36.467683
2980,,,
2981,1019955.0,-93.74172800000001,36.404902
2982,,,
2983,1019392.0,-90.00828100000001,35.055288
2984,,,
2985,1020157.0,-84.096509,36.946999999999996
2986,,,
2987,1020156.0,-84.159267,36.741975
2988,,,
2989,1019221.0,-93.28003199999999,44.955321000000005
2990,,,
2991,1019878.0,-97.114886,40.64738
2992,,,
2993,1019069.0,-101.99615,33.578343
2994,,,
2995,1018274.0,-81.1452,36.159075
2996,,,
2997,1019652.0,-79.89086400000001,40.445948
2998,,,
2999,1021428.0,-76.706717,37.269293
3000,,,
3001,1019337.0,-82.277984,37.674029
3002,,,
3003,1020187.0,-121.81930600000001,37.296867
3004,,,
3005,1019433.0,-71.137946,42.452024
3006,,,
3007,1019369.0,-84.977051,40.1721
3008,,,
3009,1011274.0,-86.526471,34.801092
3010,,,
3011,1021231.0,-111.908597,34.739119
3012,,,
3013,1019229.0,-95.28964599999999,32.957692
3014,,,
3015,1019848.0,-84.251024,36.017239000000004
3016,,,
3017,1019653.0,-88.01125,44.517943
3018,,,
3019,1019449.0,-106.32952399999999,42.850412
3020,,,
3021,1018925.0,-81.3258422,35.735392
3022,,,
3023,1019463.0,-89.82674,44.392924
3024,,,
3025,1008231.0,-82.578257,36.976874200000005
3026,,,
3027,1019845.0,-82.598648,35.555133000000005
3028,,,
3029,1020158.0,-83.542778,37.727015
3030,,,
3031,1009027.0,-71.202747,43.580593
3032,,,
3033,1019098.0,-102.01633050000001,33.5197029
3034,,,
3035,1020138.0,-84.68230799999999,38.149925
3036,,,
3037,1020168.0,-84.733856,38.050275
3038,,,
3039,1019038.0,-74.117834,42.040521999999996
3040,,,
3041,1005140.0,-84.52091999999999,34.100488
3042,,,
3043,1021317.0,-88.435654,42.310266
3044,,,
3045,1021386.0,-88.435654,42.310266
3046,,,
3047,1021385.0,-88.435654,42.310266
3048,,,
3049,1011337.0,-99.3957807,36.4314963
3050,,,
3051,1021328.0,-86.559788,39.138753
3052,,,
3053,1019912.0,-71.50432099999999,42.007653999999995
3054,,,
3055,1007309.0,-75.106815,40.336871
3056,,,
3057,1017915.0,-81.0833677,36.94863970000001
3058,,,
3059,1019708.0,-74.841627,40.243417
3060,,,
3061,1018508.0,-74.839997,40.240829
3062,,,
3063,1007259.0,-77.053889,42.661345000000004
3064,,,
3065,1002366.0,-80.16924300000001,26.030260000000002
3066,,,
3067,1019508.0,-85.495124,40.177147
3068,,,
3069,1019247.0,-95.386342,29.780471999999996
3070,,,
3071,1019245.0,-95.7750405,29.741367800000003
3072,,,
3073,1019246.0,-95.2539369,29.9415214
3074,,,
3075,1019250.0,-95.17738320000001,29.9341141
3076,,,
3077,1019242.0,-95.26831,29.988144000000002
3078,,,
3079,1019244.0,-95.68729809999999,29.922380800000003
3080,,,
3081,1019327.0,-83.614751,42.240285
3082,,,
3083,1016909.0,-122.6401341,41.7070195
3084,,,
3085,1019863.0,-78.314111,35.821835
3086,,,
3087,1019792.0,-80.13018100000001,40.792698
